user_number;grade;practice_submission_id;namespace_id;type;test_score;total_score;correct_tasks_count;submission_time;kim_number;practice_number
15;;6244e813-dddb-4b07-ad9a-3016f4c54c77;f34e317d-695b-4716-a46e-64e5e2c4856b;KIM;0;0;0;2025-12-30 10:41:20.433434+00:00;1;1
15;;4bfbf92d-de88-4eb9-88aa-6536ff7d91e2;f34e317d-695b-4716-a46e-64e5e2c4856b;KIM;0;0;0;2025-12-30 23:10:03.338330+00:00;2;2
15;;f0a6d49f-46fa-4887-802e-f63c664dd762;f34e317d-695b-4716-a46e-64e5e2c4856b;KIM;6;1;1;2026-01-02 23:44:02.720155+00:00;3;3
15;;ab5e751b-341f-4bb6-8127-56e152612f0a;f34e317d-695b-4716-a46e-64e5e2c4856b;KIM;6;1;1;2026-01-04 18:44:31.288219+00:00;4;4
15;;3076b864-b12b-43fd-b2b1-8ac1ce98921f;f34e317d-695b-4716-a46e-64e5e2c4856b;KIM;0;0;0;2026-01-12 01:57:50.392061+00:00;5;5
12;10;e9cbfa0e-5677-402b-8760-c8406bce8142;f34e317d-695b-4716-a46e-64e5e2c4856b;KIM;0;0;0;2026-01-15 12:18:57.655285+00:00;1;1
21;;950c3f82-2502-40e5-95b2-e08f75799a50;f34e317d-695b-4716-a46e-64e5e2c4856b;KIM;0;0;0;2026-01-16 09:46:00.841661+00:00;1;1
15;;11bf0fba-714f-4031-8f91-f882be1a1c2b;f34e317d-695b-4716-a46e-64e5e2c4856b;KIM;0;0;0;2026-01-16 09:53:47.447266+00:00;6;6
27;;000e8770-1d39-4c01-af3b-8b9d9f354926;f34e317d-695b-4716-a46e-64e5e2c4856b;KIM;0;0;0;2026-01-16 09:55:26.193514+00:00;1;1
27;;8260bd37-238c-4f64-8fba-4ff1339f9083;f34e317d-695b-4716-a46e-64e5e2c4856b;KIM;0;0;0;2026-01-16 09:57:15.136794+00:00;2;2
27;;222ccb55-de61-4228-999c-2bf4e1b12e09;f34e317d-695b-4716-a46e-64e5e2c4856b;KIM;6;1;2;2026-01-16 10:03:23.502388+00:00;3;3
22;;6ef130b2-a5d2-4164-a2f8-f782407a47a9;f34e317d-695b-4716-a46e-64e5e2c4856b;KIM;11;2;2;2026-01-16 12:11:14.046833+00:00;1;1
27;;c813d5d4-8a5c-43c6-a5fc-124f66af15f0;f34e317d-695b-4716-a46e-64e5e2c4856b;KIM;0;0;0;2026-01-16 12:15:45.426271+00:00;4;4
15;;3ae60656-8355-4901-ab27-6ad03e2f3045;f34e317d-695b-4716-a46e-64e5e2c4856b;KIM;6;1;2;2026-01-16 12:53:28.688517+00:00;7;7
27;;300ea5ad-f99c-44f4-aa63-ab4fc973f56b;f34e317d-695b-4716-a46e-64e5e2c4856b;KIM;0;0;0;2026-01-16 13:09:39.580214+00:00;5;5
15;;e803c6f9-ba66-4acd-ae53-29a36a0d5f34;f34e317d-695b-4716-a46e-64e5e2c4856b;KIM;11;2;0;2026-01-16 13:09:46.146043+00:00;8;8
27;;a5f015be-e074-4449-a64e-abd0f2fbc707;f34e317d-695b-4716-a46e-64e5e2c4856b;KIM;0;0;0;2026-01-16 13:16:13.932695+00:00;6;6
27;;e4448661-1d1b-4175-b1de-4e9662eaf2ca;f34e317d-695b-4716-a46e-64e5e2c4856b;KIM;0;0;0;2026-01-16 13:17:38.661728+00:00;7;7
15;;6db568c1-2eff-471e-9e29-b2190f6a9721;f34e317d-695b-4716-a46e-64e5e2c4856b;KIM;0;0;0;2026-01-16 14:52:45.738922+00:00;9;9
15;;8e20b8f0-4cf7-4729-b99c-5db714f7e302;f34e317d-695b-4716-a46e-64e5e2c4856b;KIM;22;4;0;2026-01-17 16:12:57.192032+00:00;10;10
15;;a52be9ed-1ef6-4b0f-a583-5db4d6139db9;f34e317d-695b-4716-a46e-64e5e2c4856b;KIM;0;0;0;2026-01-19 02:18:05.561107+00:00;11;11
6;;369aa86d-f8d0-4e06-bc7c-3a96a2d9156b;f34e317d-695b-4716-a46e-64e5e2c4856b;KIM;0;0;0;2026-01-19 16:10:32.417875+00:00;1;1
6;;8586c515-3643-422f-8512-8904d5e50fed;f34e317d-695b-4716-a46e-64e5e2c4856b;KIM;0;0;0;2026-01-19 16:30:11.846670+00:00;2;2
6;;fd669aa4-ca45-49ea-b4e8-b3457aa0f0f3;f34e317d-695b-4716-a46e-64e5e2c4856b;KIM;6;1;1;2026-01-19 16:32:20.242732+00:00;3;3
15;;73f6891b-1af3-4d42-90e0-380ea2a9771b;f34e317d-695b-4716-a46e-64e5e2c4856b;KIM;0;0;0;2026-01-19 21:19:22.421070+00:00;12;12
15;;8ea38e52-98d1-4d43-9f44-f49294abd24b;f34e317d-695b-4716-a46e-64e5e2c4856b;KIM;6;1;2;2026-01-19 21:34:26.933175+00:00;13;13
7;;9a33ae4f-e020-4143-bd6c-24502b825376;f34e317d-695b-4716-a46e-64e5e2c4856b;KIM;0;0;0;2026-01-20 08:11:59.740022+00:00;1;1
15;;016c3361-d8cb-4c93-903c-6c06f49d4339;f34e317d-695b-4716-a46e-64e5e2c4856b;KIM;64;11;44;2026-01-20 20:21:08.364732+00:00;14;14
15;;9e7bafbf-b8f4-49fe-95ff-6856e01899dd;f34e317d-695b-4716-a46e-64e5e2c4856b;KIM;0;0;1;2026-01-20 20:26:55.644814+00:00;15;15
15;;bf93c015-7c71-4cd0-bf3d-07a83f0ed722;f34e317d-695b-4716-a46e-64e5e2c4856b;KIM;64;11;33;2026-01-20 21:09:50.365554+00:00;16;16
15;;6e50d640-4527-4bec-b6a1-f47ad20bd4e8;f34e317d-695b-4716-a46e-64e5e2c4856b;KIM;0;0;0;2026-01-20 21:23:54.107236+00:00;17;17
15;;f2f23481-f823-4cc3-a251-a3c5574a8f91;f34e317d-695b-4716-a46e-64e5e2c4856b;KIM;58;10;10;2026-01-20 21:44:23.665174+00:00;18;18
15;;01a78efe-6362-4bd1-a592-f055a5ac122b;f34e317d-695b-4716-a46e-64e5e2c4856b;KIM;0;0;0;2026-01-22 16:31:56.633598+00:00;19;19
8;;37608677-93e8-41dc-bd38-34f236acf2e8;f34e317d-695b-4716-a46e-64e5e2c4856b;KIM;40;7;7;2026-01-25 17:43:13.966667+00:00;1;1
8;;5ce01325-95e2-4507-9f68-f70a211f5a9c;f34e317d-695b-4716-a46e-64e5e2c4856b;BLOCK;27;5;5;2026-01-25 17:51:05.317516+00:00;;2
8;;33b88093-eb55-4ddd-80de-ed6a7a409c22;f34e317d-695b-4716-a46e-64e5e2c4856b;BLOCK;0;0;0;2026-01-25 17:52:25.475254+00:00;;3
15;;fa5a2ecb-3dc8-49ca-90a4-c5fde7630ba8;f34e317d-695b-4716-a46e-64e5e2c4856b;KIM;6;1;1;2026-01-29 16:56:00.623219+00:00;20;20
9;;f2e10404-881f-431f-bd92-831941979aa4;f34e317d-695b-4716-a46e-64e5e2c4856b;KIM;0;0;0;2026-01-29 17:26:14.122537+00:00;1;1
9;;15c1316a-ada1-4183-920b-13875fa9b672;f34e317d-695b-4716-a46e-64e5e2c4856b;KIM;0;0;0;2026-01-29 17:36:07.124748+00:00;2;2
9;;57be32e0-ebc2-4522-8041-31641d78407a;f34e317d-695b-4716-a46e-64e5e2c4856b;KIM;11;2;2;2026-01-29 17:39:01.419094+00:00;3;3
15;;0d548e41-cfad-4b67-bc59-61d5fb8c1222;f34e317d-695b-4716-a46e-64e5e2c4856b;KIM;22;4;4;2026-01-29 18:27:08.079850+00:00;21;21
15;;1e91ccae-aba9-43be-9391-15e8d572fdeb;f34e317d-695b-4716-a46e-64e5e2c4856b;BLOCK;72;13;13;2026-01-31 22:57:57.547581+00:00;;22
12;10;159a76b8-c18f-4fcd-bbe3-0432fcadb840;f34e317d-695b-4716-a46e-64e5e2c4856b;BLOCK;76;15;15;2026-02-01 02:05:22.940774+00:00;;2
12;10;230b76f0-f21a-4434-ae32-8aa5178b120c;f34e317d-695b-4716-a46e-64e5e2c4856b;KIM;40;7;7;2026-02-01 02:15:57.576018+00:00;2;3
12;10;9a92701f-1f7c-45bc-a59f-7fb4c8651f86;f34e317d-695b-4716-a46e-64e5e2c4856b;KIM;0;0;0;2026-02-01 03:14:56.261772+00:00;3;4
15;;77c7da78-983b-441d-a1a9-b37f3f62d06c;f34e317d-695b-4716-a46e-64e5e2c4856b;KIM;0;0;0;2026-02-01 11:52:53.130135+00:00;22;23
12;10;af493135-84e0-48b9-8aa4-22248a14a1ce;f34e317d-695b-4716-a46e-64e5e2c4856b;KIM;0;0;0;2026-02-01 16:04:58.916981+00:00;4;5
12;10;70090e5d-2d41-45b6-a7f6-8412aef9184b;f34e317d-695b-4716-a46e-64e5e2c4856b;KIM;17;3;2;2026-02-01 16:09:44.414802+00:00;5;6
15;;b09e4796-2f1e-4e99-8585-93b56b99f4dd;f34e317d-695b-4716-a46e-64e5e2c4856b;KIM;0;0;0;2026-02-01 16:15:36.308692+00:00;23;24
10;;4851f33a-547c-4421-9404-ecbef45b4fae;f34e317d-695b-4716-a46e-64e5e2c4856b;KIM;17;3;3;2026-02-01 21:04:03.541392+00:00;1;1
15;;f242ae50-be20-4892-93d0-402ae1239073;f34e317d-695b-4716-a46e-64e5e2c4856b;KIM;0;0;0;2026-02-01 21:22:04.644798+00:00;24;25
10;;71defdd2-a725-4228-a2e6-ee243162a00e;f34e317d-695b-4716-a46e-64e5e2c4856b;KIM;11;2;2;2026-02-01 21:24:17.977502+00:00;2;2
10;;af3c3d4c-e76d-49bd-b2ed-0a1fa5a2aec8;f34e317d-695b-4716-a46e-64e5e2c4856b;KIM;6;1;1;2026-02-01 21:25:06.029727+00:00;3;3
10;;b42a31b0-a857-41a2-9909-24e7e3ba0452;f34e317d-695b-4716-a46e-64e5e2c4856b;KIM;6;1;1;2026-02-01 21:36:49.757545+00:00;4;4
10;;d74b4676-95a6-424a-b649-a7f915ea53c4;f34e317d-695b-4716-a46e-64e5e2c4856b;KIM;11;2;2;2026-02-01 21:39:30.706897+00:00;5;5
10;;3c542125-c56a-441c-bb34-80aeb6e057c5;f34e317d-695b-4716-a46e-64e5e2c4856b;BLOCK;6;1;1;2026-02-01 21:46:31.187947+00:00;;6
3;11;15f481bc-02ec-45c0-a6fc-e661a1e721d3;f34e317d-695b-4716-a46e-64e5e2c4856b;KIM;40;7;7;2026-02-03 12:24:23.788710+00:00;1;1
3;11;f0f097fc-7eb9-4f36-a0a6-472e5f36227b;f34e317d-695b-4716-a46e-64e5e2c4856b;BLOCK;0;0;0;2026-02-03 14:44:39.640014+00:00;;2
15;;a0a982f3-a779-4cb9-8be5-a27a07b9b136;f34e317d-695b-4716-a46e-64e5e2c4856b;KIM;17;3;3;2026-02-04 22:23:20.665872+00:00;25;26
15;;fcdfb6a8-d693-4852-9e00-64835c2a1191;f34e317d-695b-4716-a46e-64e5e2c4856b;BLOCK;27;5;5;2026-02-05 01:49:04.977759+00:00;;27
15;;6b60fbc7-7d9a-4288-b0a5-653ff7d72758;f34e317d-695b-4716-a46e-64e5e2c4856b;KIM;0;0;0;2026-02-05 02:00:58.763365+00:00;26;28
15;;3c2bd713-a026-45a1-a7a3-6d311ebd01e6;f34e317d-695b-4716-a46e-64e5e2c4856b;KIM;0;0;0;2026-02-05 12:14:47.236966+00:00;27;29
14;;295c79c2-2719-4d55-918e-80a7fc91613c;f34e317d-695b-4716-a46e-64e5e2c4856b;KIM;0;0;0;2026-02-06 19:53:02.388367+00:00;1;1
15;;a2c11d35-9104-42bf-a5aa-d836ede07623;f34e317d-695b-4716-a46e-64e5e2c4856b;BLOCK;0;0;0;2026-02-07 04:44:38.467609+00:00;;30
15;;a9987363-f479-451b-b2ff-1de70995ab2e;f34e317d-695b-4716-a46e-64e5e2c4856b;BLOCK;17;3;3;2026-02-08 17:50:45.293319+00:00;;31
23;11;9a2dbcc9-7bac-44fe-8bfc-be2d08af8213;f34e317d-695b-4716-a46e-64e5e2c4856b;KIM;0;0;0;2026-02-09 21:28:32.590172+00:00;1;1
15;;5e43f30c-80b7-47e1-9ea3-80aa8a36d1b6;f34e317d-695b-4716-a46e-64e5e2c4856b;KIM;11;2;2;2026-02-10 00:41:06.291332+00:00;28;32
15;;88f4f0ca-9663-4aab-8c71-3895d871a98d;f34e317d-695b-4716-a46e-64e5e2c4856b;KIM;17;3;3;2026-02-10 08:17:14.623161+00:00;29;33
15;;f3a7ba46-fd9a-4d68-9f37-15ea977ed461;f34e317d-695b-4716-a46e-64e5e2c4856b;BLOCK;0;0;0;2026-02-10 08:19:00.225510+00:00;;34
15;;c9656efb-cf29-432c-8da9-6bdd37179a32;f34e317d-695b-4716-a46e-64e5e2c4856b;BLOCK;0;0;0;2026-02-10 08:34:41.049306+00:00;;35
15;;9735b597-e554-484a-a9d9-ed6dc8d002e9;f34e317d-695b-4716-a46e-64e5e2c4856b;KIM;0;0;0;2026-02-10 18:00:06.688765+00:00;30;36
15;;b5a27338-f4ff-4bb3-b670-83d96bc1d781;f34e317d-695b-4716-a46e-64e5e2c4856b;KIM;0;0;0;2026-02-12 04:36:01.457806+00:00;31;37
26;11;6b31db1e-9337-4319-88f1-aabbba19dd93;f34e317d-695b-4716-a46e-64e5e2c4856b;KIM;0;0;0;2026-02-13 14:24:51.559141+00:00;1;1
15;;12325864-e4bc-4839-98ef-6be74704c059;f34e317d-695b-4716-a46e-64e5e2c4856b;KIM;0;0;0;2026-02-15 11:21:25.149129+00:00;32;38
15;;7357ff95-b159-427b-93e4-e75af761342c;f34e317d-695b-4716-a46e-64e5e2c4856b;KIM;6;1;1;2026-02-16 07:09:32.370534+00:00;33;39
1;10;1d8b8077-5932-4099-8730-2ff427020b3f;f34e317d-695b-4716-a46e-64e5e2c4856b;KIM;90;22;10;2026-02-16 19:19:43.923400+00:00;1;1
15;;1514e918-c13a-423e-ac9e-c6bbbc1d8193;f34e317d-695b-4716-a46e-64e5e2c4856b;KIM;0;0;0;2026-02-17 07:59:52.712769+00:00;34;40
17;11;57fab5e8-62c7-4429-86eb-0b22daf8aebe;f34e317d-695b-4716-a46e-64e5e2c4856b;KIM;52;9;9;2026-02-18 12:13:55.771170+00:00;1;1
17;11;6ba731c9-709d-4fb0-a140-91fb8250adac;f34e317d-695b-4716-a46e-64e5e2c4856b;KIM;46;8;8;2026-02-18 12:34:42.690691+00:00;2;2
17;11;a180f0c3-39c6-413d-825a-9e1e614c3b64;f34e317d-695b-4716-a46e-64e5e2c4856b;KIM;22;4;4;2026-02-18 12:55:27.870541+00:00;3;3
17;11;61d20b4a-fdf8-4a79-a13f-bfd8897d4c3b;f34e317d-695b-4716-a46e-64e5e2c4856b;KIM;6;1;1;2026-02-18 12:59:59.664626+00:00;4;4
15;;5addba4a-28d9-4caa-aeff-e46660269a0e;f34e317d-695b-4716-a46e-64e5e2c4856b;KIM;6;1;1;2026-02-18 17:51:03.736237+00:00;35;41
20;11;dbcd6a3c-59a1-4370-91bb-ab8fcdc42b5c;f34e317d-695b-4716-a46e-64e5e2c4856b;KIM;34;6;6;2026-02-18 18:50:37.741040+00:00;1;1
19;10;1892e1a0-5d6a-41bf-b20d-af06710c46b6;f34e317d-695b-4716-a46e-64e5e2c4856b;KIM;46;8;7;2026-02-18 19:19:20.547322+00:00;1;1
20;11;7a068954-dd4d-4e33-a72c-176fefa277cb;f34e317d-695b-4716-a46e-64e5e2c4856b;BLOCK;22;4;4;2026-02-18 19:19:28.277120+00:00;;2
20;11;2c04c281-9c84-445e-bb95-b434d9f1fe36;f34e317d-695b-4716-a46e-64e5e2c4856b;BLOCK;11;2;2;2026-02-18 19:38:44.646082+00:00;;3
11;10;828503ac-b2fb-4159-8046-96155a3893f6;f34e317d-695b-4716-a46e-64e5e2c4856b;KIM;6;1;1;2026-02-18 19:41:18.709332+00:00;1;1
4;10;3f79a8e3-cc3d-4bcd-a4a9-87cbc26d047f;f34e317d-695b-4716-a46e-64e5e2c4856b;KIM;86;20;8;2026-02-18 21:29:30.894884+00:00;1;1
4;10;f756a476-95cf-4eba-bb06-149fbdbf7654;f34e317d-695b-4716-a46e-64e5e2c4856b;BLOCK;34;6;6;2026-02-18 22:26:40.796107+00:00;;2
19;10;2d7a2daf-237a-4fdd-b2e0-8b48b60cd199;f34e317d-695b-4716-a46e-64e5e2c4856b;BLOCK;27;5;5;2026-02-19 06:18:29.973602+00:00;;2
19;10;2eac71dc-7243-4bed-bd05-2e58c1e86e6b;f34e317d-695b-4716-a46e-64e5e2c4856b;BLOCK;46;8;8;2026-02-19 06:34:00.570140+00:00;;3
19;10;d38cd98a-ffba-4497-b9c7-a7450974d56d;f34e317d-695b-4716-a46e-64e5e2c4856b;BLOCK;46;8;8;2026-02-19 06:48:35.558365+00:00;;4
15;;db635032-9ab0-44c6-9bae-679f14cda310;f34e317d-695b-4716-a46e-64e5e2c4856b;KIM;6;1;0;2026-02-19 13:09:29.686320+00:00;36;42
19;10;587fe6ef-83c4-4d10-83a0-eb574ff552d6;f34e317d-695b-4716-a46e-64e5e2c4856b;KIM;64;11;8;2026-02-19 15:38:00.980697+00:00;2;5
4;10;a1aec9cf-56d1-4b22-a3c1-f6766337e609;f34e317d-695b-4716-a46e-64e5e2c4856b;KIM;88;21;11;2026-02-19 22:38:51.570249+00:00;2;3
16;11;590cf15a-1e01-449e-92be-36d421a73fda;f34e317d-695b-4716-a46e-64e5e2c4856b;KIM;34;6;6;2026-02-20 06:17:00.025055+00:00;1;1
16;11;25e54b97-307f-4507-9c2a-ca892c02eadb;f34e317d-695b-4716-a46e-64e5e2c4856b;BLOCK;11;2;2;2026-02-20 06:31:53.733778+00:00;;2
11;10;7acb51dd-4f1c-4e46-aa09-e655369e800c;f34e317d-695b-4716-a46e-64e5e2c4856b;BLOCK;6;1;1;2026-02-20 09:27:20.290655+00:00;;2
11;10;2170cea7-bc17-442e-8ffc-32de47068674;f34e317d-695b-4716-a46e-64e5e2c4856b;BLOCK;34;6;6;2026-02-20 09:32:03.473770+00:00;;3
11;10;e3d4fe74-e395-4da2-8c8d-0de1a054a450;f34e317d-695b-4716-a46e-64e5e2c4856b;BLOCK;0;0;0;2026-02-20 09:44:33.530731+00:00;;4
19;10;acdb101f-9a3a-4283-bf48-2185b318d734;f34e317d-695b-4716-a46e-64e5e2c4856b;BLOCK;46;8;8;2026-02-20 10:24:19.557495+00:00;;6
11;10;5c85c787-cceb-4988-a4e0-92ecbbd6ebb8;f34e317d-695b-4716-a46e-64e5e2c4856b;BLOCK;100;31;31;2026-02-20 10:28:53.098246+00:00;;5
11;10;bb36daac-e725-41ed-9e74-e8757a8ceb95;f34e317d-695b-4716-a46e-64e5e2c4856b;BLOCK;11;2;2;2026-02-20 10:38:18.553892+00:00;;6
19;10;40d7ac6d-c6dd-45b2-99c4-4e2e27dee08b;f34e317d-695b-4716-a46e-64e5e2c4856b;KIM;64;11;11;2026-02-20 11:49:25.376007+00:00;3;7
11;10;c20ca610-9a06-4df5-b353-997edd1dcb7c;f34e317d-695b-4716-a46e-64e5e2c4856b;BLOCK;52;9;9;2026-02-20 12:44:12.241448+00:00;;7
11;10;faae361e-4428-46b5-a325-65052cba3dcb;f34e317d-695b-4716-a46e-64e5e2c4856b;KIM;6;1;1;2026-02-20 12:49:33.313170+00:00;2;8
11;10;5a25229c-f1ca-4402-a026-df85308e128d;f34e317d-695b-4716-a46e-64e5e2c4856b;BLOCK;17;3;3;2026-02-20 12:51:23.552576+00:00;;9
18;11;40f8a360-23e9-45a4-a7bc-745142fb0dbc;f34e317d-695b-4716-a46e-64e5e2c4856b;KIM;52;9;9;2026-02-20 14:04:14.964290+00:00;1;1
19;10;c6c911c4-d055-4ad7-8ed0-90589b1de3d9;f34e317d-695b-4716-a46e-64e5e2c4856b;BLOCK;34;6;6;2026-02-20 14:09:23.944050+00:00;;8
19;10;cc237d9e-2f79-472e-af5e-7109320a254a;f34e317d-695b-4716-a46e-64e5e2c4856b;BLOCK;40;7;7;2026-02-20 14:24:34.722882+00:00;;9
19;10;f9b80e7c-7e80-4a0f-990f-49bd90ce21f2;f34e317d-695b-4716-a46e-64e5e2c4856b;BLOCK;40;7;7;2026-02-20 14:38:32.745521+00:00;;10
19;10;e0a5b3ed-c9b2-48d1-b17e-b37ed1390594;f34e317d-695b-4716-a46e-64e5e2c4856b;KIM;72;13;10;2026-02-20 17:53:27.917376+00:00;4;11
4;10;ac0577bd-25b2-458d-b4ad-119bfc1150bf;f34e317d-695b-4716-a46e-64e5e2c4856b;KIM;82;18;12;2026-02-20 20:17:35.757729+00:00;3;4
11;10;ff32560c-a631-4822-8d9c-c76e6fb000a6;f34e317d-695b-4716-a46e-64e5e2c4856b;BLOCK;22;4;4;2026-02-20 21:23:18.788175+00:00;;10
11;10;8d05a0fb-4496-4e79-b681-1f65b190dc7c;f34e317d-695b-4716-a46e-64e5e2c4856b;BLOCK;6;1;1;2026-02-20 21:23:59.526875+00:00;;11
11;10;8549f49a-3ae2-4fa4-a728-b286d234405c;f34e317d-695b-4716-a46e-64e5e2c4856b;BLOCK;27;5;5;2026-02-20 21:25:30.864662+00:00;;12
11;10;3a0e2b70-ad51-4091-9e0d-d309109eb652;f34e317d-695b-4716-a46e-64e5e2c4856b;BLOCK;40;7;7;2026-02-20 22:20:33.371390+00:00;;13
11;10;2cd69ef6-619f-4a58-bd9c-bd64f6e9bb63;f34e317d-695b-4716-a46e-64e5e2c4856b;BLOCK;40;7;7;2026-02-20 22:36:40.703152+00:00;;14
11;10;6f184f68-fc1b-4725-a729-4892955abaea;f34e317d-695b-4716-a46e-64e5e2c4856b;BLOCK;6;1;1;2026-02-21 11:17:39.911483+00:00;;15
11;10;9b2887a0-ed38-4601-b573-cd7eb182b4bd;f34e317d-695b-4716-a46e-64e5e2c4856b;BLOCK;11;2;2;2026-02-21 11:18:53.228248+00:00;;16
11;10;85b9a231-3266-456b-bd2a-aa9bd0dfb6f5;f34e317d-695b-4716-a46e-64e5e2c4856b;BLOCK;22;4;4;2026-02-21 11:23:17.428021+00:00;;17
11;10;09dc8df3-af5c-4905-a9d3-82d2d443ad3d;f34e317d-695b-4716-a46e-64e5e2c4856b;BLOCK;27;5;5;2026-02-21 11:30:20.245988+00:00;;18
11;10;b5f768b9-5fd7-40c7-ba38-e2fddd23ea7a;f34e317d-695b-4716-a46e-64e5e2c4856b;BLOCK;40;7;7;2026-02-21 11:43:44.344635+00:00;;19
11;10;5c6fd1cf-2523-46ed-8f36-499ae9cc1ff7;f34e317d-695b-4716-a46e-64e5e2c4856b;BLOCK;76;15;15;2026-02-21 11:52:49.574396+00:00;;20
11;10;5fb507cc-aaa8-45d7-938d-49fde97e65f7;f34e317d-695b-4716-a46e-64e5e2c4856b;BLOCK;64;11;11;2026-02-21 12:41:13.963261+00:00;;21
11;10;b6d3ea31-868e-4e63-aed5-1fdbe193a377;f34e317d-695b-4716-a46e-64e5e2c4856b;KIM;11;2;2;2026-02-21 12:52:39.620332+00:00;3;22
11;10;d2fa2717-6284-421f-86c5-9c4bfcdcc469;f34e317d-695b-4716-a46e-64e5e2c4856b;BLOCK;6;1;1;2026-02-21 12:55:48.537749+00:00;;23
11;10;55e4d17c-705c-4463-b363-f6451343e0e2;f34e317d-695b-4716-a46e-64e5e2c4856b;BLOCK;0;0;0;2026-02-21 12:57:43.694537+00:00;;24
11;10;c0ece56a-1585-40f1-94b7-c76246acc4aa;f34e317d-695b-4716-a46e-64e5e2c4856b;BLOCK;0;0;0;2026-02-21 12:59:06.465645+00:00;;25
11;10;5b95b1c5-2e9f-4c81-a71a-d067823a93bd;f34e317d-695b-4716-a46e-64e5e2c4856b;BLOCK;0;0;0;2026-02-21 13:13:26.813917+00:00;;26
11;10;50509a1c-7bdf-421e-94f8-cc6e66d7d674;f34e317d-695b-4716-a46e-64e5e2c4856b;BLOCK;0;0;0;2026-02-21 13:16:43.684895+00:00;;27
11;10;f0468cf7-5663-4f26-897b-deab358ca70e;f34e317d-695b-4716-a46e-64e5e2c4856b;BLOCK;40;7;7;2026-02-21 13:28:02.983131+00:00;;28
11;10;fe5c7cd9-9fc8-4276-a5e0-f7ba218d4cc7;f34e317d-695b-4716-a46e-64e5e2c4856b;BLOCK;46;8;8;2026-02-21 16:20:26.784280+00:00;;29
11;10;730b52d3-e4a5-4e98-afa7-57fbcbd5cd98;f34e317d-695b-4716-a46e-64e5e2c4856b;BLOCK;17;3;3;2026-02-21 16:23:26.018218+00:00;;30
11;10;536ec319-5679-4d17-991b-d8f0987830db;f34e317d-695b-4716-a46e-64e5e2c4856b;BLOCK;6;1;1;2026-02-21 16:40:42.756766+00:00;;31
11;10;c14e4250-339b-4f08-aa33-ee0998747a37;f34e317d-695b-4716-a46e-64e5e2c4856b;BLOCK;22;4;4;2026-02-21 16:44:18.201582+00:00;;32
19;10;a396c1e7-21a0-452f-8f90-8c4ba1a204d7;f34e317d-695b-4716-a46e-64e5e2c4856b;KIM;58;10;10;2026-02-21 18:40:41.906000+00:00;5;12
28;11;687377da-07f6-42b2-94e5-e37e919c081c;f34e317d-695b-4716-a46e-64e5e2c4856b;KIM;40;7;7;2026-02-21 20:21:26.491596+00:00;1;1
4;10;31d5f718-b987-4990-8501-56b1cfaf17db;f34e317d-695b-4716-a46e-64e5e2c4856b;KIM;80;17;10;2026-02-21 22:00:53.117412+00:00;4;5
11;10;ea43149d-2e64-43a3-8a55-5eeab2a10770;f34e317d-695b-4716-a46e-64e5e2c4856b;BLOCK;22;4;4;2026-02-21 23:35:28.092033+00:00;;33
11;10;694d5aaa-aa5a-4ab4-9c97-61c18a861db6;f34e317d-695b-4716-a46e-64e5e2c4856b;BLOCK;80;17;17;2026-02-22 01:07:40.045069+00:00;;34
11;10;1804817b-f789-43c6-a358-8eb006715d2b;f34e317d-695b-4716-a46e-64e5e2c4856b;BLOCK;0;0;0;2026-02-22 01:09:31.387548+00:00;;35
15;;d592052f-c2a7-470d-b6c1-3c99dd1ca6e1;f34e317d-695b-4716-a46e-64e5e2c4856b;KIM;34;6;0;2026-02-22 09:23:23.878064+00:00;37;43
28;11;0ab4a3da-40f8-4834-a917-e4174c46cd0e;f34e317d-695b-4716-a46e-64e5e2c4856b;BLOCK;34;6;6;2026-02-22 09:36:39.724863+00:00;;2
28;11;774f46ea-c80d-4773-940c-066316b67790;f34e317d-695b-4716-a46e-64e5e2c4856b;BLOCK;97;27;27;2026-02-22 13:29:43.444694+00:00;;3
24;11;63a4ef25-dd48-46d6-a231-cf42ddda3097;f34e317d-695b-4716-a46e-64e5e2c4856b;BLOCK;52;9;9;2026-02-22 14:49:19.246889+00:00;;1
11;10;1af88813-454e-4e8c-babc-5f2431fb699c;f34e317d-695b-4716-a46e-64e5e2c4856b;BLOCK;86;20;20;2026-02-22 19:14:41.408204+00:00;;36
29;11;8feaa0d1-ccdd-4823-94a7-7a26889e2575;f34e317d-695b-4716-a46e-64e5e2c4856b;KIM;74;14;12;2026-02-22 19:16:02.286212+00:00;1;1
29;11;0052e243-8bc0-4243-ae4d-f99080d578d0;f34e317d-695b-4716-a46e-64e5e2c4856b;BLOCK;27;5;5;2026-02-22 19:37:54.667495+00:00;;2
25;11;f73376c5-3de4-408e-9c48-a7f9a342bd01;f34e317d-695b-4716-a46e-64e5e2c4856b;KIM;52;9;9;2026-02-22 20:18:49.513151+00:00;1;1
11;10;be46bbd4-4e96-4df8-ab64-d40902b0fc85;f34e317d-695b-4716-a46e-64e5e2c4856b;BLOCK;82;18;18;2026-02-22 20:19:04.809302+00:00;;37
11;10;8084e9f0-0336-493e-8a08-2db8ab69a8b0;f34e317d-695b-4716-a46e-64e5e2c4856b;BLOCK;17;3;3;2026-02-22 20:23:56.431229+00:00;;38
25;11;5e21f763-03d3-46ac-82de-8b646abac44c;f34e317d-695b-4716-a46e-64e5e2c4856b;BLOCK;0;0;0;2026-02-22 20:37:38.450176+00:00;;2
20;11;ffefeb91-a787-45b7-9118-7eae84f9c00c;f34e317d-695b-4716-a46e-64e5e2c4856b;BLOCK;34;6;6;2026-02-23 11:01:42.161151+00:00;;4
5;10;75e6aed4-827f-422d-a869-60a40bcb4e02;f34e317d-695b-4716-a46e-64e5e2c4856b;KIM;27;5;5;2026-02-23 11:07:25.509381+00:00;1;1
20;11;604a1421-1cb3-4a37-b880-a1ac75ee021c;f34e317d-695b-4716-a46e-64e5e2c4856b;BLOCK;34;6;6;2026-02-23 11:13:05.635373+00:00;;5
5;10;ae31251d-a903-4023-a8ea-80bb0b6e29e3;f34e317d-695b-4716-a46e-64e5e2c4856b;BLOCK;40;7;7;2026-02-23 11:23:03.904117+00:00;;2
20;11;c7ae4507-4e36-4feb-8a73-30be5f01f09d;f34e317d-695b-4716-a46e-64e5e2c4856b;BLOCK;76;15;15;2026-02-23 11:51:30.174587+00:00;;6
28;11;ad8f5461-6cf3-4781-ad6c-cf08842d9b29;f34e317d-695b-4716-a46e-64e5e2c4856b;BLOCK;72;13;13;2026-02-24 11:45:03.527294+00:00;;4
20;11;4ba87adf-707f-4cea-8c34-ce8edc4c8f79;f34e317d-695b-4716-a46e-64e5e2c4856b;BLOCK;80;17;17;2026-02-24 12:44:41.666608+00:00;;7
20;11;9ffbafae-8b02-4746-8e90-92ca23df1f0f;f34e317d-695b-4716-a46e-64e5e2c4856b;BLOCK;74;14;14;2026-02-24 13:01:15.589560+00:00;;8
20;11;3988c7ba-5ae9-4ce5-8bc2-7b474a0eb947;f34e317d-695b-4716-a46e-64e5e2c4856b;BLOCK;58;10;10;2026-02-24 18:40:48.103080+00:00;;9
20;11;720d91af-733a-4b9b-ab6a-6d452f66e8d5;f34e317d-695b-4716-a46e-64e5e2c4856b;BLOCK;17;3;3;2026-02-24 18:48:48.000445+00:00;;10
20;11;db0d261f-f0a1-47cb-8794-df2d21e15997;f34e317d-695b-4716-a46e-64e5e2c4856b;BLOCK;11;2;2;2026-02-24 18:53:12.023562+00:00;;11
24;11;8545afde-2dcc-4bd8-8e2e-632b3d0892a5;f34e317d-695b-4716-a46e-64e5e2c4856b;KIM;76;15;11;2026-02-25 10:21:45.707073+00:00;1;2
17;11;79e821f7-6095-4258-8289-71600e2f792d;f34e317d-695b-4716-a46e-64e5e2c4856b;KIM;52;9;9;2026-02-25 13:12:27.385764+00:00;5;5
30;11;acc5cd07-041d-47be-b83e-d96722083088;f34e317d-695b-4716-a46e-64e5e2c4856b;KIM;0;0;0;2026-02-25 13:17:07.295483+00:00;1;1
31;11;dbe157cc-a180-4da5-bb7d-fff6985b2b6b;f34e317d-695b-4716-a46e-64e5e2c4856b;KIM;82;18;9;2026-02-25 15:14:25.974472+00:00;1;1
4;10;392cdc7f-6241-4322-8539-07ea9d72d8e6;f34e317d-695b-4716-a46e-64e5e2c4856b;KIM;90;22;12;2026-02-25 17:22:13.663988+00:00;5;6
2;11;c4ab33f3-a9a7-42a4-8eeb-17939d58c721;f34e317d-695b-4716-a46e-64e5e2c4856b;BLOCK;58;10;10;2026-02-25 17:41:51.998349+00:00;;1
2;11;9e116fd2-0137-40b4-b0db-2fd3864cf17c;f34e317d-695b-4716-a46e-64e5e2c4856b;BLOCK;58;10;10;2026-02-25 18:31:32.697983+00:00;;2
28;11;94cc44f3-e9d5-4a9b-a12f-8b201c5d09d1;f34e317d-695b-4716-a46e-64e5e2c4856b;BLOCK;46;8;8;2026-02-25 20:21:50.513225+00:00;;5
16;11;b0fd9c04-8e43-40a0-824d-b98388a51536;f34e317d-695b-4716-a46e-64e5e2c4856b;KIM;22;4;4;2026-02-26 05:39:00.541749+00:00;2;3
32;11;af305da3-184c-433d-90bd-e9926059ff73;f34e317d-695b-4716-a46e-64e5e2c4856b;KIM;70;12;12;2026-02-26 14:57:56.504200+00:00;1;1
33;11;6db7a4b3-acf6-4c8b-8e7b-fd49b091352b;f34e317d-695b-4716-a46e-64e5e2c4856b;KIM;27;5;5;2026-02-27 11:19:58.501518+00:00;1;1
33;11;4a089ee8-9810-4ba6-a37b-76df738feaab;f34e317d-695b-4716-a46e-64e5e2c4856b;KIM;27;5;5;2026-02-27 11:19:58.635406+00:00;1;1
3;11;ed2acbf4-82ba-48a5-8e96-df9552ed667f;f34e317d-695b-4716-a46e-64e5e2c4856b;BLOCK;0;0;0;2026-02-27 13:00:37.302183+00:00;;3
19;10;62ab1fac-99de-4acd-9278-5282d05d1359;f34e317d-695b-4716-a46e-64e5e2c4856b;KIM;72;13;11;2026-02-27 18:16:43.666107+00:00;6;13
19;10;4f206ff5-345f-4f94-ad60-c83f44d2b071;f34e317d-695b-4716-a46e-64e5e2c4856b;KIM;70;12;10;2026-02-27 18:31:38.610099+00:00;7;14
11;10;2dd2b729-620a-48ef-b3dd-62b0512b8508;f34e317d-695b-4716-a46e-64e5e2c4856b;BLOCK;17;3;3;2026-02-27 20:26:31.461097+00:00;;39
11;10;6344be6a-417d-4a65-999e-bc729933f0a5;f34e317d-695b-4716-a46e-64e5e2c4856b;BLOCK;27;5;5;2026-02-28 22:18:52.640083+00:00;;40
11;10;0f4739d3-222e-4079-8b4c-11a29fdee62f;f34e317d-695b-4716-a46e-64e5e2c4856b;BLOCK;6;1;1;2026-02-28 22:21:42.299255+00:00;;41
11;10;89ad9670-9259-4db8-a9ab-9d079a7a0144;f34e317d-695b-4716-a46e-64e5e2c4856b;BLOCK;6;1;1;2026-02-28 22:26:48.792527+00:00;;42
11;10;381afd41-181b-4386-bc4e-79945b293740;f34e317d-695b-4716-a46e-64e5e2c4856b;BLOCK;6;1;1;2026-02-28 22:29:08.016731+00:00;;43
11;10;1a4f03e9-b6ba-4da3-b984-233803dacf70;f34e317d-695b-4716-a46e-64e5e2c4856b;BLOCK;6;1;1;2026-02-28 22:31:56.123344+00:00;;44
11;10;239bab72-6c66-434a-b2c5-ec82547bd7a5;f34e317d-695b-4716-a46e-64e5e2c4856b;BLOCK;17;3;3;2026-02-28 22:36:26.963259+00:00;;45
28;11;6b877c93-0b93-4140-af2f-a7809a03c8d2;f34e317d-695b-4716-a46e-64e5e2c4856b;KIM;6;1;1;2026-03-01 13:19:27.201134+00:00;2;6
20;11;a9893a2a-b349-4dfc-90e0-a047000376c1;f34e317d-695b-4716-a46e-64e5e2c4856b;BLOCK;76;15;15;2026-03-01 13:35:32.082650+00:00;;12
20;11;fe5bb60b-1bbe-48a9-8407-ee22bf19f4f7;f34e317d-695b-4716-a46e-64e5e2c4856b;BLOCK;52;9;9;2026-03-01 13:43:38.370939+00:00;;13
20;11;55b3dbda-08ce-4608-8415-cb7e431f2957;f34e317d-695b-4716-a46e-64e5e2c4856b;BLOCK;70;12;12;2026-03-01 13:58:30.496481+00:00;;14
28;11;688dcf44-4272-4c4a-9aa1-ea2374b0dfb3;f34e317d-695b-4716-a46e-64e5e2c4856b;KIM;46;8;8;2026-03-01 14:09:33.834688+00:00;3;7
20;11;280da733-9b27-4767-8a60-72640c74df6f;f34e317d-695b-4716-a46e-64e5e2c4856b;BLOCK;46;8;8;2026-03-01 14:12:51.267744+00:00;;15
20;11;d7a69206-fecc-403f-b277-8ef16575d62e;f34e317d-695b-4716-a46e-64e5e2c4856b;BLOCK;76;15;15;2026-03-01 14:27:02.776298+00:00;;16
20;11;626571a9-f5f1-4a2d-b1b0-cbb21cc419eb;f34e317d-695b-4716-a46e-64e5e2c4856b;BLOCK;11;2;2;2026-03-01 15:00:45.190774+00:00;;17
33;11;e9890212-6677-45ac-bdfd-57b7aeeee373;f34e317d-695b-4716-a46e-64e5e2c4856b;KIM;64;11;10;2026-03-01 15:01:54.773444+00:00;2;2
33;11;e8acc6a2-d8fb-483f-af51-158ddf8fc78e;f34e317d-695b-4716-a46e-64e5e2c4856b;KIM;64;11;10;2026-03-01 15:01:54.864354+00:00;2;2
11;10;85fbc5ea-f549-45e6-9998-0fb6aa47e699;f34e317d-695b-4716-a46e-64e5e2c4856b;KIM;46;8;8;2026-03-01 17:43:29.525995+00:00;4;46
4;10;20937798-dbf6-4673-b0ba-556fa2396e20;f34e317d-695b-4716-a46e-64e5e2c4856b;KIM;92;23;12;2026-03-02 19:18:02.944438+00:00;6;7
19;10;56d0c31d-5206-4190-8331-b55933cdb6be;f34e317d-695b-4716-a46e-64e5e2c4856b;KIM;58;10;10;2026-03-03 05:11:37.009085+00:00;8;15
19;10;fd001e46-9eb7-4a35-99d8-8b50eae695fb;f34e317d-695b-4716-a46e-64e5e2c4856b;KIM;58;10;8;2026-03-03 09:48:58.304006+00:00;9;16
16;11;7c7819e6-5362-4eed-aaf9-9438f18e734a;f34e317d-695b-4716-a46e-64e5e2c4856b;KIM;27;5;5;2026-03-04 10:20:19.584015+00:00;3;4
16;11;d99fe969-0043-4a39-ae1a-b93dd4d4c9f9;f34e317d-695b-4716-a46e-64e5e2c4856b;KIM;46;8;8;2026-03-04 10:40:46.287534+00:00;4;5
16;11;5768b8d7-fc6a-4f23-a1c3-572245a03da8;f34e317d-695b-4716-a46e-64e5e2c4856b;BLOCK;52;9;9;2026-03-04 11:41:46.982488+00:00;;6
16;11;e932ab6f-704b-4409-bcb3-570519c480df;f34e317d-695b-4716-a46e-64e5e2c4856b;BLOCK;40;7;7;2026-03-04 12:24:22.506441+00:00;;7
16;11;eadd6ea2-bcc1-4886-b402-1c404f6b68b7;f34e317d-695b-4716-a46e-64e5e2c4856b;BLOCK;52;9;9;2026-03-04 13:01:18.398199+00:00;;8
19;10;53095d77-679d-46c7-a347-79d1f2dc21a6;f34e317d-695b-4716-a46e-64e5e2c4856b;KIM;70;12;10;2026-03-04 18:54:58.599336+00:00;10;17
19;10;2a628a94-c7ab-4ee6-bd3e-1d7b5a26b603;f34e317d-695b-4716-a46e-64e5e2c4856b;BLOCK;17;3;3;2026-03-04 19:04:15.202372+00:00;;18
15;;f0d582a4-227d-47aa-8ac3-aef6d749d6eb;f34e317d-695b-4716-a46e-64e5e2c4856b;KIM;0;0;0;2026-03-05 18:16:20.701279+00:00;38;44
34;11;1037ea4c-9999-43e8-a01b-f9c2bb36f522;f34e317d-695b-4716-a46e-64e5e2c4856b;KIM;58;10;10;2026-03-06 06:19:25.060497+00:00;1;1
11;10;3c5d0c19-4433-4455-ada0-b24a4eead1e8;f34e317d-695b-4716-a46e-64e5e2c4856b;BLOCK;74;14;14;2026-03-07 19:00:09.359870+00:00;;47
11;10;f7b6cb74-15c5-47e8-a8ae-3e633dcb763d;f34e317d-695b-4716-a46e-64e5e2c4856b;KIM;52;9;9;2026-03-07 19:08:37.738153+00:00;5;48
11;10;7d72ca9a-512b-4a11-b913-42398affefc6;f34e317d-695b-4716-a46e-64e5e2c4856b;KIM;58;10;10;2026-03-07 19:17:52.068862+00:00;6;49
33;11;7c9688e3-9084-4ace-bdaa-a1aabe5ae7f7;f34e317d-695b-4716-a46e-64e5e2c4856b;KIM;58;10;10;2026-03-07 20:41:06.494931+00:00;3;3
35;11;f4bcb5b5-f9f4-402a-a636-56fae42a0470;f34e317d-695b-4716-a46e-64e5e2c4856b;KIM;6;1;1;2026-03-08 09:50:36.733967+00:00;1;1
20;11;40582e72-e334-433f-8d4a-1745afc04cf0;f34e317d-695b-4716-a46e-64e5e2c4856b;BLOCK;84;19;19;2026-03-09 11:32:13.716825+00:00;;18
20;11;a551cb65-6f42-404b-8a75-a32bed70281a;f34e317d-695b-4716-a46e-64e5e2c4856b;BLOCK;52;9;9;2026-03-09 11:57:49.814958+00:00;;19
11;10;4da36214-0195-40b1-b90c-f06ef3c6ffaa;f34e317d-695b-4716-a46e-64e5e2c4856b;BLOCK;27;5;5;2026-03-09 13:24:07.902967+00:00;;50
11;10;3a5f9738-6580-4220-900f-2bce65f66137;f34e317d-695b-4716-a46e-64e5e2c4856b;BLOCK;22;4;4;2026-03-09 13:34:59.068601+00:00;;51
11;10;ec5f0c7b-ddf1-4856-b234-ab06020fc3e5;f34e317d-695b-4716-a46e-64e5e2c4856b;KIM;11;2;2;2026-03-09 13:40:16.312277+00:00;7;52
24;11;8d6e5fe4-bfe9-4a68-a85a-3cb1941fd63a;f34e317d-695b-4716-a46e-64e5e2c4856b;BLOCK;58;10;10;2026-03-10 19:41:28.541764+00:00;;3
3;11;5f6ba3a3-4898-44eb-a131-cca5e7671f23;f34e317d-695b-4716-a46e-64e5e2c4856b;BLOCK;0;0;0;2026-03-11 11:25:01.202793+00:00;;4
36;11;bdec9f80-5e79-43db-9c12-5717cd1ff1f9;f34e317d-695b-4716-a46e-64e5e2c4856b;KIM;0;0;0;2026-03-11 14:17:27.115448+00:00;1;1
16;11;5a82a821-4f24-4576-9585-fd49d2692eb8;f34e317d-695b-4716-a46e-64e5e2c4856b;KIM;34;6;6;2026-03-11 15:54:09.873244+00:00;5;9
16;11;cd2ccfcb-d319-40ff-9978-637ef67602e2;f34e317d-695b-4716-a46e-64e5e2c4856b;KIM;46;8;8;2026-03-11 16:16:58.940113+00:00;6;10
24;11;d96539e6-a480-4dbc-927e-57cd25c2f0b9;f34e317d-695b-4716-a46e-64e5e2c4856b;KIM;80;17;10;2026-03-11 19:51:41.370049+00:00;2;4
13;11;94669ebf-003f-44be-94c5-d25fdabcb05c;f34e317d-695b-4716-a46e-64e5e2c4856b;KIM;76;15;11;2026-03-11 20:18:02.450819+00:00;1;1
15;;9b919db4-a52a-4e7a-86fc-f89b5a9f6964;f34e317d-695b-4716-a46e-64e5e2c4856b;BLOCK;0;0;0;2026-03-12 00:18:39.332212+00:00;;45
19;10;c4790ef3-a08c-4533-93aa-714ea3552d65;f34e317d-695b-4716-a46e-64e5e2c4856b;KIM;46;8;8;2026-03-12 10:06:02.454189+00:00;11;19
24;11;1d98e759-5a12-467d-8aa9-8ff16350ac68;f34e317d-695b-4716-a46e-64e5e2c4856b;BLOCK;34;6;6;2026-03-12 19:10:12.069592+00:00;;5
11;10;263d37b9-53a5-4afd-9659-e120ff13d657;f34e317d-695b-4716-a46e-64e5e2c4856b;BLOCK;6;1;1;2026-03-12 22:10:05.523163+00:00;;53
11;10;4342b930-9672-4678-b00f-622cc3ed8579;f34e317d-695b-4716-a46e-64e5e2c4856b;BLOCK;70;12;12;2026-03-12 22:21:12.508065+00:00;;54
11;10;badba4e8-d830-47d5-9a42-0f0bd868d302;f34e317d-695b-4716-a46e-64e5e2c4856b;BLOCK;11;2;2;2026-03-12 22:25:39.568013+00:00;;55
11;10;6e5652a2-16c8-478c-81e6-d930a94f7b46;f34e317d-695b-4716-a46e-64e5e2c4856b;BLOCK;58;10;10;2026-03-12 22:37:06.525622+00:00;;56
11;10;af74b9a7-03f8-46e1-a472-e9b0e3424dfa;f34e317d-695b-4716-a46e-64e5e2c4856b;BLOCK;17;3;3;2026-03-12 23:24:14.702201+00:00;;57
11;10;08d3e6d7-4a4d-47b2-9415-3629b075437f;f34e317d-695b-4716-a46e-64e5e2c4856b;KIM;58;10;10;2026-03-12 23:31:29.788431+00:00;8;58
16;11;34692df5-89bf-4aae-8462-af41a1f3bafa;f34e317d-695b-4716-a46e-64e5e2c4856b;KIM;34;6;6;2026-03-13 11:28:58.515604+00:00;7;11
24;11;bf6cff71-7748-49cb-8d37-c2dfefd63d60;f34e317d-695b-4716-a46e-64e5e2c4856b;BLOCK;52;9;9;2026-03-13 12:13:40.289829+00:00;;6
24;11;42a8a6c9-502f-4dd0-9b61-4e5b173871b1;f34e317d-695b-4716-a46e-64e5e2c4856b;BLOCK;52;9;9;2026-03-13 12:54:15.435959+00:00;;7
11;10;86a3b9bf-b056-4618-bf2b-c5cd257090d3;f34e317d-695b-4716-a46e-64e5e2c4856b;BLOCK;76;15;15;2026-03-13 17:01:42.540998+00:00;;59
20;11;fc55049e-ffe8-4fec-9b9e-986cd2a2f353;f34e317d-695b-4716-a46e-64e5e2c4856b;BLOCK;52;9;9;2026-03-13 17:33:26.436122+00:00;;20
20;11;182152c7-cb59-4e44-8116-80d68805e9af;f34e317d-695b-4716-a46e-64e5e2c4856b;BLOCK;6;1;1;2026-03-13 17:48:19.882260+00:00;;21
20;11;1e70acde-f486-4569-b24d-abdb724a1ebe;f34e317d-695b-4716-a46e-64e5e2c4856b;BLOCK;6;1;1;2026-03-14 06:07:21.563176+00:00;;22
20;11;f94ea5a3-0a8b-4ba4-ba77-138b75ba2432;f34e317d-695b-4716-a46e-64e5e2c4856b;BLOCK;80;17;17;2026-03-14 14:22:54.573054+00:00;;23
20;11;782908c2-8b1f-49b6-b6b9-88d38e93785c;f34e317d-695b-4716-a46e-64e5e2c4856b;BLOCK;11;2;2;2026-03-14 14:33:24.242291+00:00;;24
20;11;4a6428c0-7e36-465c-846a-b5d30871ca58;f34e317d-695b-4716-a46e-64e5e2c4856b;BLOCK;40;7;7;2026-03-14 14:41:55.313647+00:00;;25
24;11;4e0b1e39-ba4a-49b4-9747-b4c2524400ce;f34e317d-695b-4716-a46e-64e5e2c4856b;BLOCK;46;8;8;2026-03-14 16:21:19.606200+00:00;;8
11;10;04a36f1c-37f9-4b5f-96f3-0abe46c707ef;f34e317d-695b-4716-a46e-64e5e2c4856b;BLOCK;22;4;4;2026-03-14 19:52:12.368330+00:00;;60
20;11;614cb3b9-a925-4ba4-b248-2a98fda884cc;f34e317d-695b-4716-a46e-64e5e2c4856b;BLOCK;80;17;17;2026-03-15 12:41:53.047449+00:00;;26
20;11;d5ea0534-05e5-44f0-9848-c6c910bc35e4;f34e317d-695b-4716-a46e-64e5e2c4856b;BLOCK;11;2;2;2026-03-15 12:54:33.733791+00:00;;27
20;11;df66cd78-65c4-482c-8273-a41b51c1ae92;f34e317d-695b-4716-a46e-64e5e2c4856b;BLOCK;46;8;8;2026-03-15 14:11:51.269222+00:00;;28
20;11;8669358d-206a-405b-85f6-46f7cf3aec6a;f34e317d-695b-4716-a46e-64e5e2c4856b;BLOCK;17;3;3;2026-03-15 14:19:46.040841+00:00;;29
20;11;f6f652b4-c393-44f1-aaa4-aaaeefef1b80;f34e317d-695b-4716-a46e-64e5e2c4856b;BLOCK;74;14;14;2026-03-15 14:31:57.543216+00:00;;30
20;11;67d5ca9f-f750-4b4f-962a-7a713f1dbba6;f34e317d-695b-4716-a46e-64e5e2c4856b;BLOCK;86;20;20;2026-03-15 14:39:26.861956+00:00;;31
2;11;89412f51-088d-4b42-bd8e-a33a2cac7486;f34e317d-695b-4716-a46e-64e5e2c4856b;KIM;22;4;4;2026-03-15 17:47:23.041889+00:00;1;3
2;11;91697e10-1e2d-4e94-a7f5-0b4024bcb609;f34e317d-695b-4716-a46e-64e5e2c4856b;KIM;34;6;6;2026-03-15 18:13:52.861923+00:00;2;4
16;11;79867e7c-b6e5-41e5-9f6d-c06af043842a;f34e317d-695b-4716-a46e-64e5e2c4856b;KIM;34;6;6;2026-03-16 09:42:04.009914+00:00;8;12
16;11;559c7e71-bb84-4b9b-b748-eaeccacec645;f34e317d-695b-4716-a46e-64e5e2c4856b;BLOCK;76;15;15;2026-03-16 10:24:20.911122+00:00;;13
20;11;89cf0129-6acd-4549-9b98-0ac6aacc2a41;f34e317d-695b-4716-a46e-64e5e2c4856b;BLOCK;84;19;19;2026-03-16 12:53:38.756538+00:00;;32
16;11;1b14c4e6-cde0-4df8-a129-48b9d7151ae4;f34e317d-695b-4716-a46e-64e5e2c4856b;BLOCK;22;4;4;2026-03-16 15:07:13.849697+00:00;;14
2;11;2a455244-e03f-4d2b-a72b-1dffc62424ec;f34e317d-695b-4716-a46e-64e5e2c4856b;KIM;40;7;7;2026-03-16 18:15:51.580308+00:00;3;5
2;11;aee4b5c4-787f-454a-be0c-003b49858f44;f34e317d-695b-4716-a46e-64e5e2c4856b;KIM;34;6;6;2026-03-16 18:27:29.926178+00:00;4;6
11;10;57ca45c9-be3d-4699-9bed-3c94b37a8fad;f34e317d-695b-4716-a46e-64e5e2c4856b;BLOCK;86;20;20;2026-03-16 19:17:10.632663+00:00;;61
15;;c6f30249-76c9-4a85-a5c9-22efa86efa90;f34e317d-695b-4716-a46e-64e5e2c4856b;KIM;0;0;0;2026-03-16 19:28:26.001761+00:00;39;46
28;11;2cad2be3-c002-40b5-a0ba-9a7f251e9cc6;f34e317d-695b-4716-a46e-64e5e2c4856b;KIM;34;6;6;2026-03-16 19:53:16.522438+00:00;4;8
11;10;c547e102-415d-485c-aae2-49b60ec3768a;f34e317d-695b-4716-a46e-64e5e2c4856b;BLOCK;22;4;4;2026-03-16 22:20:51.622770+00:00;;62
20;11;32645e67-0374-4460-b768-6ae6e7b7b136;f34e317d-695b-4716-a46e-64e5e2c4856b;BLOCK;52;9;9;2026-03-17 13:44:47.252488+00:00;;33
20;11;9242d0f3-54bb-471a-b4f5-91b1037b55f3;f34e317d-695b-4716-a46e-64e5e2c4856b;BLOCK;78;16;16;2026-03-17 14:55:18.978859+00:00;;34
20;11;63348979-db66-44e5-9b79-630147b5810b;f34e317d-695b-4716-a46e-64e5e2c4856b;BLOCK;34;6;6;2026-03-17 15:31:18.074474+00:00;;35
24;11;c09f7f85-efd1-44b5-b6fc-fbdb7a5e5066;f34e317d-695b-4716-a46e-64e5e2c4856b;KIM;80;17;8;2026-03-17 20:13:19.161506+00:00;3;9
3;11;2c5fd4cc-7900-44f7-af91-8ac9b28188ce;f34e317d-695b-4716-a46e-64e5e2c4856b;BLOCK;0;0;0;2026-03-18 10:20:12.160530+00:00;;5
20;11;b9782a3d-01ac-4fe7-98c2-bfe06f16dc67;f34e317d-695b-4716-a46e-64e5e2c4856b;KIM;34;6;6;2026-03-18 12:00:13.876596+00:00;2;36
28;11;883acfc6-711b-4fb9-af50-ab0efa6f29de;f34e317d-695b-4716-a46e-64e5e2c4856b;KIM;40;7;7;2026-03-18 13:41:27.976939+00:00;5;9
20;11;544a97e4-4011-4dfc-bb07-3a4472abe98b;f34e317d-695b-4716-a46e-64e5e2c4856b;KIM;40;7;7;2026-03-18 16:49:28.511618+00:00;3;37
24;11;77107552-adc9-4f11-8597-18ca3bce4763;f34e317d-695b-4716-a46e-64e5e2c4856b;BLOCK;64;11;11;2026-03-18 17:30:02.517272+00:00;;10
20;11;b131cba6-be0a-4e1c-a9a6-13e048cf0886;f34e317d-695b-4716-a46e-64e5e2c4856b;KIM;58;10;10;2026-03-18 17:30:09.616054+00:00;4;38
24;11;71da81df-e1b4-4288-bab5-8a2aaa11f2de;f34e317d-695b-4716-a46e-64e5e2c4856b;BLOCK;64;11;11;2026-03-18 18:17:25.037075+00:00;;11
20;11;2fd92bc1-e4f1-4d25-9e69-f66b60fca0bb;f34e317d-695b-4716-a46e-64e5e2c4856b;KIM;52;9;9;2026-03-18 18:22:04.820554+00:00;5;39
20;11;07e659d0-4a63-4519-9f70-917073c952a8;f34e317d-695b-4716-a46e-64e5e2c4856b;KIM;58;10;10;2026-03-19 12:27:14.609690+00:00;6;40
20;11;7cabdb71-a0dc-4745-ac3f-fd73181152cd;f34e317d-695b-4716-a46e-64e5e2c4856b;BLOCK;17;3;3;2026-03-19 12:37:47.564020+00:00;;41
24;11;becf9b61-b037-4002-ad64-753316d01267;f34e317d-695b-4716-a46e-64e5e2c4856b;BLOCK;58;10;10;2026-03-19 19:22:25.798074+00:00;;12
20;11;e40d88a4-fc3e-4aba-8a4e-c0931eefd42a;f34e317d-695b-4716-a46e-64e5e2c4856b;KIM;58;10;10;2026-03-20 13:05:27.045754+00:00;7;42
20;11;280ffdef-ce94-40c0-9b79-551dee1f49f4;f34e317d-695b-4716-a46e-64e5e2c4856b;KIM;58;10;10;2026-03-20 13:26:10.016471+00:00;8;43
20;11;b8f0e153-2691-4605-a296-b669ee485cd7;f34e317d-695b-4716-a46e-64e5e2c4856b;KIM;64;11;11;2026-03-20 13:47:12.545552+00:00;9;44
20;11;cd33473b-aac5-426d-bb0f-b4d03cb4067f;f34e317d-695b-4716-a46e-64e5e2c4856b;KIM;58;10;10;2026-03-21 05:26:31.058035+00:00;10;45
20;11;458e232c-b5bc-4bb4-827e-d53265481033;f34e317d-695b-4716-a46e-64e5e2c4856b;BLOCK;34;6;6;2026-03-21 08:05:51.633831+00:00;;46
20;11;15541212-2360-48da-ae3f-d61ba82eb741;f34e317d-695b-4716-a46e-64e5e2c4856b;BLOCK;80;17;17;2026-03-21 11:41:58.696655+00:00;;47
20;11;c7e76a69-6f56-4ab9-98e0-794d2f81df51;f34e317d-695b-4716-a46e-64e5e2c4856b;KIM;64;11;11;2026-03-22 04:50:35.654533+00:00;11;48
20;11;0ad6000f-1e09-4e50-bd88-a93eedcd5b56;f34e317d-695b-4716-a46e-64e5e2c4856b;KIM;64;11;11;2026-03-22 06:09:41.854730+00:00;12;49
20;11;fcef4216-95c6-4dd1-8355-d5c16aa9c81b;f34e317d-695b-4716-a46e-64e5e2c4856b;BLOCK;22;4;4;2026-03-22 06:18:34.731393+00:00;;50
2;11;7bae4c7c-2930-4a66-8920-19b2beb0742f;f34e317d-695b-4716-a46e-64e5e2c4856b;BLOCK;22;4;4;2026-03-22 09:21:40.913232+00:00;;7
2;11;383de1fa-c0a9-4cb1-9314-6a01a9a5e53e;f34e317d-695b-4716-a46e-64e5e2c4856b;BLOCK;27;5;5;2026-03-22 09:26:20.618266+00:00;;8
2;11;ce9d9d21-1349-4e40-965c-3fac6766f320;f34e317d-695b-4716-a46e-64e5e2c4856b;BLOCK;52;9;9;2026-03-22 09:40:01.786033+00:00;;9
20;11;3172f646-bf2f-4763-98be-f2be649304f9;f34e317d-695b-4716-a46e-64e5e2c4856b;KIM;52;9;9;2026-03-22 18:55:02.446732+00:00;13;51
15;;47ea8dbf-cf13-4401-873b-15fa52c6ff80;f34e317d-695b-4716-a46e-64e5e2c4856b;KIM;11;2;2;2026-03-23 12:36:14.238600+00:00;40;47
24;11;8f678b6b-c964-4841-a76d-703bf64e4cc7;f34e317d-695b-4716-a46e-64e5e2c4856b;KIM;82;18;10;2026-03-23 19:46:42.730820+00:00;4;13
28;11;7a19d51e-29a8-48a0-a5f7-df184bfe26c6;f34e317d-695b-4716-a46e-64e5e2c4856b;BLOCK;11;2;0;2026-03-23 20:08:42.922084+00:00;;10
24;11;bb551d38-2fa3-43ea-b37c-8996dab4cbb5;f34e317d-695b-4716-a46e-64e5e2c4856b;BLOCK;46;8;8;2026-03-24 20:25:51.435147+00:00;;14
28;11;d84a2a79-e7a1-4c69-aaeb-ea0082a2112e;f34e317d-695b-4716-a46e-64e5e2c4856b;KIM;64;11;11;2026-03-25 15:08:07.063904+00:00;6;11
28;11;76898493-e914-4276-a6db-d0d72d4732ad;f34e317d-695b-4716-a46e-64e5e2c4856b;KIM;46;8;8;2026-03-25 20:25:33.006028+00:00;7;12
28;11;a61a4f9f-5ff8-448b-9a36-e140cd13aaaa;f34e317d-695b-4716-a46e-64e5e2c4856b;KIM;74;14;12;2026-03-26 15:47:04.333297+00:00;8;13
24;11;432dd020-6e29-47ae-876e-42f8847e8408;f34e317d-695b-4716-a46e-64e5e2c4856b;BLOCK;52;9;9;2026-03-26 19:12:15.842756+00:00;;15
20;11;3e9f5ca2-9fc2-4238-94e5-6a33d7ae6ee7;f34e317d-695b-4716-a46e-64e5e2c4856b;KIM;52;9;9;2026-03-27 18:24:14.729171+00:00;14;52
20;11;c7794470-c189-4414-b236-226efc3f9bf4;f34e317d-695b-4716-a46e-64e5e2c4856b;KIM;58;10;10;2026-03-27 18:39:59.714588+00:00;15;53
28;11;aea424e9-16f5-4fb6-8ced-ed752c8faf9b;f34e317d-695b-4716-a46e-64e5e2c4856b;KIM;64;11;11;2026-03-27 20:56:06.228632+00:00;9;14
20;11;d6d16e33-0ba9-4070-93be-78b5c74a8c46;f34e317d-695b-4716-a46e-64e5e2c4856b;KIM;58;10;10;2026-03-28 06:50:05.966228+00:00;16;54
20;11;a5706440-f686-4b87-80cc-1e46c4d87eb5;f34e317d-695b-4716-a46e-64e5e2c4856b;KIM;40;7;7;2026-03-28 14:36:49.794384+00:00;17;55
28;11;e6e49592-423a-4736-8728-6c7529523c39;f34e317d-695b-4716-a46e-64e5e2c4856b;BLOCK;40;7;7;2026-03-28 20:07:34.324600+00:00;;15
